INSERT INTO
	Player (Player_id, Player_name)
VALUES
	('1',	'Benzema'),
	('2', 	'Casemiro'),
	('3', 	'Courtois'),
	('4',	'Van Dijk'),
	('5', 	'Alisson Becker'),
	('6', 	'Salah'),
	('7', 	'Ederson'),
	('8', 	'Mahrez'),
	('9', 	'Lewandowski'),
	('10', 	'Mbappe');

INSERT INTO
	Club (Club_id, Club_name)
VALUES
	('1', 'Real Madrid'),
	('2', 'Liverpool'),
	('3', 'Man City'),
	('4', 'Bayern'),
	('5', 'PSG');

INSERT INTO
	Matches (Match_id, Match_date, Club_id_one, Club_id_two)
VALUES
	('1', '2021-03-10', '1', '2'),
	('2', '15-04-2021', '1', '3'),
	('3', '21-05-2021', '1', '4'),
	('4', '18-03-2021', '2', '3'),
	('5', '22-04-2021', '2', '5'),
	('6', '08-03-2021', '3', '5'),
	('7', '27-04-2021', '4', '5');

INSERT INTO
	Contract (Player_id, Club_id, Join_date, Leave_date, Position_primary)
VALUES
	('1', 	'1', '2020-08-01', '2024-05-31', 'Forward'),
	('2', 	'1', '2020-08-01', '2023-05-31', 'Midfielder'),
	('3', 	'1', '2018-08-01', '2023-05-31', 'Goalkeeper'),
	('4', 	'2', '2020-08-01', '2025-05-31', 'Defender'),
	('5', 	'2', '2018-08-01', '2023-05-31', 'Goalkeeper'),
	('6', 	'2', '2019-08-01', '2022-05-31', 'Forward'),
	('7', 	'3', '2015-08-01', '2022-05-31', 'Goalkeeper'),
	('8', 	'3', '2020-08-01', '2022-05-31', 'Midfielder'),
	('9', 	'4', '2017-08-01', '2024-05-31', 'Forward'),
	('10', 	'5', '2019-08-01', '2021-05-31', 'Forward');

INSERT INTO
	Match_player (Match_id, Player_id, Goals, Assits, Saved, Fouls, Minutes_played)
VALUES
	('1', 	'1', 	'2', 	'0', 	'0', 	'2', 	'90'),
	('1', 	'2', 	'0', 	'1', 	'0', 	'3', 	'90'),
	('1', 	'3', 	'0', 	'1', 	'23', 	'1', 	'90'),
	('1', 	'4', 	'0', 	'0', 	'0', 	'5', 	'90'),
	('1', 	'5', 	'0', 	'0', 	'17', 	'0', 	'90'),
	('1', 	'6', 	'3', 	'1', 	'0', 	'2', 	'90'),
	('2', 	'1', 	'1', 	'0', 	'0', 	'0', 	'90'),
	('2', 	'2', 	'0', 	'0', 	'0', 	'2', 	'87'),
	('2', 	'3', 	'0', 	'0', 	'28', 	'0', 	'90'),
	('2', 	'7', 	'0', 	'0', 	'12', 	'0', 	'90'),
	('2', 	'8', 	'0', 	'2', 	'0', 	'3', 	'90'),
	('3', 	'1', 	'3', 	'1', 	'0', 	'0', 	'86'),
	('3', 	'2', 	'1', 	'2', 	'0', 	'1', 	'88'),
	('3', 	'3', 	'0', 	'0', 	'6', 	'0', 	'90'),
	('3', 	'9', 	'3', 	'0', 	'0', 	'2', 	'90'),
	('4', 	'4', 	'0', 	'0', 	'0', 	'3', 	'90'),
	('4', 	'5', 	'0', 	'0', 	'35', 	'0', 	'90'),
	('4', 	'6', 	'3', 	'1', 	'0', 	'2', 	'90'),
	('4', 	'7', 	'0', 	'0', 	'14', 	'1', 	'90'),
	('4', 	'8', 	'1', 	'3', 	'0', 	'2', 	'90'),
	('5', 	'4', 	'1', 	'0', 	'0', 	'6', 	'89'),
	('5', 	'5', 	'0', 	'0', 	'26', 	'0', 	'90'),
	('5', 	'6', 	'2', 	'1', 	'0', 	'0', 	'90'),
	('5', 	'10', 	'2', 	'1', 	'0', 	'0', 	'90'),
	('6', 	'7', 	'0', 	'0', 	'22', 	'0', 	'90'),
	('6', 	'8', 	'0', 	'4', 	'0', 	'1', 	'90'),
	('6', 	'10', 	'2', 	'0', 	'0', 	'1', 	'90'),
	('7', 	'9', 	'4', 	'0', 	'0', 	'2', 	'90'),
	('7', 	'10', 	'3', 	'1', 	'0', 	'3', 	'90');